CHROM,POS,REF,ALT 
8,42361308,T,C
8,42350009,T,A
8,42361353,A,G
8,42371579,C,A
8,42362671,C,G
8,42371606,C,A
8,42371648,G,C
8,42371651,C,T
8,42371631,C,A
8,42338669,C,T
8,42369969,C,T
8,42350036,C,A
8,42361338,C,A
8,42371621,G,A
8,42352564,A,G
8,42362623,A,G
8,42369927,T,G
8,42339049,C,T
8,42361356,A,T
8,42350009,T,A
8,42338651,G,A
8,42338651,G,A
8,42371588,G,T
8,42371574,G,A
8,42350023,C,T
8,42362630,G,T
8,42369970,C,T
8,42349086,A,G
8,42355533,G,A
8,42338647,A,G
8,42362696,A,G
8,42357338,G,C
8,42371599,A,T
8,42357204,A,G
8,42369851,T,C
8,42369948,C,G
8,42350050,G,T
8,42369323,G,T
8,42355518,C,A
8,42344982,C,T
8,42369915,G,C
8,42357201,G,C
8,42362662,C,G
8,42357387,G,A
8,42339059,A,C
8,42349076,C,T
8,42344964,C,G
8,42355532,A,T
8,42369283,C,T
8,42349076,C,T
8,42362636,G,A
8,42350007,A,C
8,42350010,C,T
8,42362636,G,A
8,42344979,A,C
8,42357327,T,C
8,42350010,C,T
8,42338655,C,T
8,42362636,G,A
8,42361313,A,C
8,42369921,G,A
8,42362636,G,A
8,42345019,G,T
8,42349077,G,A
8,42362662,C,G
8,42338655,C,G
8,42371568,G,A
8,42349040,G,A
8,42361322,T,C
8,42362636,G,A
8,42369868,T,C
8,42338640,G,T
8,42338678,G,A
8,42369875,G,T
8,42349077,G,A
8,42369884,T,C
8,42371623,G,T
8,42362636,G,A
8,42362636,G,A
8,42362636,G,A
8,42338678,G,A
8,42349067,G,A
8,42362636,G,A
8,42371643,G,A
8,42362636,G,A
8,42357201,G,A
8,42355530,G,A
8,42369915,G,C
8,42369313,C,T
8,42362636,G,A
8,42369917,A,G
8,42362636,G,A
8,42338635,G,T
8,42369877,G,T
8,42362636,G,A
8,42362636,G,A
8,42369932,C,T
8,42371604,A,G
8,42371614,A,G
8,42339018,C,T
8,42339014,C,T
8,42357354,C,T
8,42361318,G,C
8,42369852,G,T
8,42369877,G,T
8,42357200,C,T
8,42339030,A,G
8,42338655,C,G
8,42369868,T,C
8,42357354,C,T
8,42349056,T,G
8,42362636,G,A
8,42369937,G,A
8,42369896,G,T
8,42371589,G,T
8,42350010,C,T
8,42362636,G,A
8,42357327,T,C
8,42345019,G,T
8,42350029,C,T
8,42371610,G,A
8,42371647,G,A
8,42371647,G,A
8,42362636,G,A
8,42371646,C,T
8,42350064,G,T
8,42362636,G,A
8,42369313,C,T
8,42362637,A,G
8,42371578,C,T
8,42338673,G,A
8,42349082,C,G
8,42355518,C,T
8,42349076,C,T
8,42355561,G,C
8,42350007,A,C
8,42338678,G,A
8,42371610,G,A
8,42355530,G,A
8,42350010,C,T
8,42371632,G,A
8,42362636,G,A
8,42350018,T,G
8,42357321,A,G
8,42369974,C,T
8,42352555,T,G
8,42357327,T,C
8,42369970,C,A
8,42350029,C,T
8,42371563,G,A
8,42369924,G,C
8,42357386,A,G
8,42339014,C,T
8,42349076,C,T
8,42361321,G,A
8,42352547,G,C
8,42338640,G,T
8,42357386,A,G
8,42371615,C,G
8,42345005,G,T
8,42369865,C,T
8,42371615,C,G
8,42371624,G,A
8,42349088,A,T
8,42369979,G,T
8,42355530,G,T
8,42355554,C,T
8,42349076,C,T
8,42355530,G,A
8,42369891,C,T
8,42350010,C,T
8,42371647,G,A
8,42354467,T,G
8,42338669,C,T
8,42355518,C,A
8,42371604,A,G
8,42361338,C,A
8,42357354,C,T
8,42361182,T,C
8,42338686,G,T
8,42361318,G,C
8,42339057,A,C
8,42338678,G,A
8,42357386,A,G
8,42362672,C,T
8,42369942,G,T
8,42369904,A,G
8,42338651,G,A
8,42339030,A,G
8,42338494,A,G
8,42338662,G,T
8,42362611,G,A
8,42369313,C,T
8,42350023,C,T
8,42350018,T,G
8,42369927,T,G
8,42361322,T,C
8,42349040,G,A
8,42349056,T,G
8,42344964,C,T
8,42369283,C,T
8,42369852,G,T
8,42357338,G,C
8,42345005,G,T
8,42362630,G,T
8,42350052,G,A
8,42371648,G,C
8,42338630,C,G
8,42361353,A,G
8,42362623,A,G
8,42355518,C,T
8,42338651,G,T
8,42354451,C,G
8,42357354,C,A
8,42369937,G,A
8,42369986,C,T
8,42369885,C,A
8,42344964,C,G
8,42369926,C,T
8,42371574,G,T
8,42371707,T,G
8,42369323,G,T
8,42357200,C,T
8,42357201,G,A
8,42355540,T,C
8,42338673,G,A
8,42339049,C,T
8,42338685,G,A
8,42361321,G,A
8,42369915,G,C
8,42339018,C,T
8,42369921,G,A