PP,SIFTR,Polyphen2R,Poly1hen2P,PROVEANR,PROVEANP,CADDS,CADDR,CADDP,fathmmS,fathmmR,fathmmP,phyloP,phyloPR,class
12,0.13349,0.02946,-1,0.17417,0,2.448,0.40102,22.3,0.72753,0.356,1,3.998,0.56736,0
29,0.58626,0.90584,2,0.47683,0,4.48995,0.9115,32.0,0.91884,0.54472,1,7.249,0.77709,0
26,0.48186,0.22806,-1,0.20576,0,3.085699,0.53946,23.6,0.96161,0.67813,1,5.605,0.67317,1
215,0.72154,0.57829,2,0.4885,0,0.75356,26.4,3.441312,0.9892,0.88639,1,7.778,0.84271,0
83,0.91255,0.77913,2,0.79571,1,4.482683,0.91083,32.0,0.95533,0.651,1,4.074,0.57297,0
265,0.68238,0.90584,2,0.76655,1,4.334173,0.88966,29.9,0.93064,0.57236,1,7.964,0.87485,1
13,0.18757,0.24468,0,0.37375,0,2.355647,0.38073,21.9,0.4276,0.26949,0,1.373,0.33877,1
119,0.72154,0.77913,2,0.53096,0,3.477491,0.63521,24.6,0.8394,0.43029,1,0.718,0.25537,1
44,0.58626,0.46778,-1,0.63901,1,3.180831,0.5614,23.8,0.96613,0.70021,1,5.605,0.67317,0
36,0.1943,0.42736,-1,0.75935,1,2.985272,0.51718,23.4,0.87259,0.46744,1,5.012,0.63775,1
87,0.14945,0.24971,0,0.42191,0,6.293972,0.96154,35.0,0.99178,0.92379,1,8.878,0.92023,0
37,0.02645,0.02946,-1,0.00794,0,0.38761,22.0,1.762746,0.95646,0.65559,1,5.642,0.67561,0
274,0.91255,0.90584,2,0.96824,1,4.333238,0.88948,29.9,0.94611,0.61732,1,9.934,0.98843,1
126,0.13349,0.02946,0,0.17417,0,2.448,0.40102,22.3,0.72753,0.356,1,3.998,0.56736,0
176,0.3775,0.33082,0,0.57599,0,2.562409,0.42613,22.6,0.98502,0.83459,1,6.271,0.72566,0
54,0.07425,0.07471,-1,0.4066,0,2.156591,0.33796,20.5,0.91119,0.52897,1,3.812,0.55333,0
114,0.00964,0.09854,-1,0.01024,0,2.343298,0.37799,21.8,0.86391,0.45662,1,0.571,0.23372,0
165,0.32141,0.02946,-1,0.72932,1,3.651401,0.6804,25.2,0.90068,0.5096,1,4.999,0.63678,0
13,0.539,0.62824,2,0.51157,0,4.219547,0.86051,28.8,0.63789,0.32199,1,2.922,0.48557,0
46,0.7849,0.57185,2,0.69593,1,3.88936,0.7494,26.3,0.9552,0.65048,1,5.683,0.67852,0
83,0.65419,0.41149,-1,0.54702,1,3.812962,0.72585,25.9,0.97408,0.74559,1,7.101,0.76647,0
187,0.61437,0.48047,1,0.74427,1,0.61619,24.4,2.417692,0.98723,0.86031,1,7.686,0.83419,0
300,0.63226,0.49385,1,0.94249,1,3.06179,0.53402,23.5,0.88466,0.48407,1,6.139,0.71482,1
164,0.56456,0.20732,-1,0.3014,0,3.766142,0.71205,25.7,0.951,0.63437,1,8.485,0.9029,1
10,0.09989,0.11197,-1,0.28497,0,0.990254,0.14922,11.5,0.05057,0.10847,0,0.353,0.19868,0
123,0.11298,0.02946,0,0.29727,0,2.180435,0.34297,20.7,0.8919,0.49507,1,1.968,0.40124,0
177,0.32296,0.43231,-1,0.58407,0,3.399693,0.61528,24.4,0.98561,0.8411,1,7.23,0.77568,0
190,0.49117,0.28827,-1,0.26843,0,3.079144,0.53795,23.6,0.97595,0.75784,1,6.396,0.73161,0
283,0.91255,0.90584,2,0.89534,1,3.320895,0.59542,24.2,0.55729,0.29937,1,1.213,0.32011,1
65,0.65419,0.48483,1,0.42763,0,3.258866,0.58013,24.0,0.99018,0.9003,1,8.878,0.92023,0
227,0.91255,0.90584,-1,0.92782,1,0.92877,33.0,4.116064,0.9929,0.94024,1,9.061,0.93344,0
317,0.68238,0.33688,0,0.83557,1,2.388701,0.38791,22.0,0.88491,0.48443,1,1.592,0.36286,1
28,0.65419,0.90584,2,0.84742,1,3.587772,0.66361,25.0,0.68716,0.33908,1,0.811,0.26855,0
249,0.14546,0.02946,0,0.17003,0,2.483473,0.40881,22.4,0.88542,0.48518,1,3.018,0.4931,0
305,0.65419,0.58535,2,0.88699,1,4.153926,0.83945,28.2,0.9912,0.91519,1,9.883,0.98528,1
250,0.72154,0.57829,-1,0.4885,0,0.75356,26.4,3.441312,0.9892,0.88639,1,7.778,0.84271,0
5,-1.0,-1.0,-1,-1.0,-1,-0.023647,0.03995,1.194,0.00249,0.01374,0,-0.329,0.07978,0
43,0.59928,0.90584,-1,0.93903,1,0.7216,25.8,2.99085,0.9929,0.94024,1,9.061,0.93344,0
118,0.91255,0.90584,2,0.96961,1,4.831293,0.92811,33.0,0.99165,0.92187,1,8.829,0.91674,0
291,0.65419,0.45403,1,0.82221,1,2.780786,0.47331,23.0,0.76389,0.3746,1,2.2,0.42358,1
226,0.7849,0.90584,2,0.88839,1,0.91503,32.0,4.300612,0.99435,0.95993,1,9.645,0.97846,0
164,0.43393,0.07471,-1,0.39692,0,3.065058,0.53482,23.6,0.68711,0.33906,1,1.185,0.31675,1
220,0.42783,0.38213,-1,0.45769,0,0.56799,23.9,2.64572,0.99319,0.94436,1,9.716,0.97988,0
126,0.72154,0.35307,0,0.67477,1,3.210651,0.56842,23.9,0.85717,0.4488,1,3.998,0.56736,0
119,0.17183,0.19075,0,0.17624,0,2.281649,0.36463,21.5,0.93146,0.57445,1,6.255,0.72423,0
178,0.91255,0.41422,-1,0.83967,1,3.360924,0.60553,24.3,0.98777,0.86718,1,7.23,0.77568,0
200,0.11586,0.17332,-1,0.39314,0,3.12135,0.54752,23.7,0.98812,0.87175,1,8.621,0.90724,0
37,0.91255,0.33532,-1,0.65858,1,2.488419,0.40989,22.4,0.93792,0.59204,1,1.738,0.37831,0
98,0.65419,0.77913,-1,0.80595,1,4.211882,0.85819,28.8,0.98675,0.8544,1,8.29,0.89852,0
186,0.7849,0.6407,-1,0.98373,1,3.702874,0.69433,25.4,0.98658,0.85234,1,5.414,0.66145,0
219,0.03984,0.11197,0,0.18042,0,0.29582,18.86,1.613311,0.99243,0.9334,1,8.995,0.93089,0
264,-1.0,-1.0,-1,-1.0,-1,8.162161,0.98949,41.0,0.93186,0.5755,1,7.853,0.85257,0
64,0.91255,0.90584,-1,0.96736,1,4.577725,0.91808,32.0,0.99018,0.9003,1,8.878,0.92023,0
39,0.68238,0.11197,-1,0.63669,1,2.91105,0.5011,23.2,0.98771,0.86641,1,7.795,0.84442,1
158,0.72154,0.61523,2,0.68999,1,3.958418,0.77197,26.7,0.96727,0.70616,1,7.23,0.77568,0
285,0.48186,0.40197,1,0.63669,1,1.556426,0.22748,16.1,0.82848,0.42021,1,6.117,0.71271,0
152,0.91255,0.90584,2,0.81269,1,4.431678,0.90524,31.0,0.9718,0.73161,1,8.998,0.93098,0
44,0.41364,0.40782,-1,0.6678,1,2.900844,0.49889,23.2,0.95871,0.66512,1,5.605,0.67317,1
91,0.42199,0.40924,-1,0.66206,1,3.203822,0.56681,23.9,0.94241,0.60544,1,2.9,0.48386,1
32,0.06262,0.48047,-1,0.07736,0,3.107576,0.54446,23.6,0.91884,0.54472,1,7.249,0.77709,0
41,-1.0,-1.0,-1,-1.0,-1,7.146327,0.9729,37.0,0.90835,0.5235,1,0.345,0.1972,1
137,0.5553,-1.0,-1,0.07882,0,-0.095278,0.03492,0.848,0.01679,0.05362,0,-0.67,0.05357,0
335,-1.0,-1.0,-1,-1.0,-1,8.038434,0.98772,40.0,0.97098,0.72678,1,5.547,0.66957,0
13,0.08188,0.33151,-1,0.10656,0,2.834824,0.4848,23.1,0.59421,0.30911,1,2.922,0.48557,0
222,0.61437,0.77913,-1,0.7271,1,0.8007,27.3,2.95046,0.98884,0.88144,1,7.686,0.83419,0
257,0.40319,0.30614,0,0.21644,0,2.360778,0.3818,21.9,0.97391,0.74451,1,7.423,0.79424,0
42,0.72154,0.60381,-1,0.67477,1,0.65242,24.9,3.033593,0.99097,0.91181,1,7.686,0.83419,0
7,0.24758,0.30455,0,0.5342,0,2.548157,0.42299,22.5,0.69014,0.34022,1,3.516,0.53194,0
137,0.20683,0.15535,0,0.08971,0,2.81088,0.47972,23.0,0.76467,0.37505,1,4.172,0.58036,0
259,0.36509,0.42322,1,0.60982,1,2.040657,0.3141,19.56,0.64375,0.32387,1,0.279,0.18532,1
328,0.35537,0.49745,1,0.24898,0,3.536925,0.65045,24.8,0.97089,0.72625,1,6.731,0.74591,0
52,0.91255,0.90584,-1,0.95015,1,3.484337,0.63694,24.7,0.81951,0.41257,1,1.549,0.35819,1
36,0.29288,0.3274,-1,0.53898,0,2.990567,0.51836,23.4,0.85204,0.44316,1,4.214,0.58324,0
13,0.08188,0.33151,0,0.10656,0,2.834824,0.4848,23.1,0.59421,0.30911,1,2.922,0.48557,0
231,0.72154,0.60381,-1,0.67477,1,0.65242,24.9,3.033593,0.99097,0.91181,1,7.686,0.83419,0
245,0.11844,0.02946,0,0.11728,0,1.906435,0.28783,18.54,0.47991,0.28107,0,4.922,0.63103,0
30,0.54683,0.47474,-1,0.27876,0,3.042415,0.52971,23.5,0.94843,0.62522,1,2.716,0.46888,0
17,0.37536,0.02946,-1,0.27669,0,2.084185,0.32292,19.9,0.81254,0.40696,1,0.03,0.13576,0
288,0.50676,0.15914,0,0.50666,0,3.138194,0.55144,23.7,0.92767,0.56496,1,9.934,0.98843,1
123,0.11298,0.02946,-1,0.29727,0,2.180435,0.34297,20.7,0.8919,0.49507,1,1.968,0.40124,0
224,0.72154,0.50672,1,0.5342,0,2.936262,0.50649,23.3,0.81817,0.41146,1,0.64,0.24394,1
282,0.68238,0.63424,2,0.70553,1,3.748785,0.7072,25.6,0.91543,0.5375,1,9.262,0.94771,0
36,0.91255,0.90584,-1,0.72594,1,0.64119,24.7,2.910308,0.91646,0.53964,1,1.318,0.33249,0
251,0.17239,0.09854,-1,0.31576,0,2.789998,0.47523,23.0,0.98169,0.80199,1,7.667,0.82852,1
133,0.68238,0.62824,2,0.78388,1,2.662561,0.44788,22.8,0.69371,0.34162,1,0.125,0.15577,0
83,0.68238,0.45487,1,0.70674,1,4.104445,0.82249,27.8,0.96405,0.68977,1,4.074,0.57297,0
151,0.72154,0.49324,1,0.94988,1,3.154262,0.55519,23.8,0.98664,0.85307,1,7.13,0.76842,0
21,-1.0,-1.0,-1,-1.0,-1,9.541131,0.99868,50.0,0.86174,0.45405,1,4.434,0.59679,0
209,0.4732,0.29441,0,0.34596,0,0.34951,21.0,1.839704,0.94551,0.61533,1,5.64,0.67547,0
6,0.63226,0.68779,2,0.5711,1,4.232797,0.86454,29.0,0.77445,0.38079,1,4.421,0.59598,0
283,0.91255,0.90584,2,0.93697,1,3.385462,0.61164,24.4,0.72165,0.35332,1,2.24,0.42737,0
165,0.26409,0.02946,-1,0.53096,0,3.406377,0.61699,24.4,0.68583,0.33857,1,1.614,0.36522,1
163,0.29288,0.09854,-1,0.34397,0,1.578746,0.23099,16.24,0.84492,0.43574,1,3.264,0.51256,0
277,0.91255,0.02946,-1,0.7674,1,2.959004,0.51144,23.3,0.94596,0.61682,1,4.478,0.59963,0
40,0.42487,0.09854,-1,0.54217,0,5.928372,0.95583,35.0,0.91601,0.5387,1,7.249,0.77709,0
2,0.72154,0.7322,-1,0.59226,0,2.576644,0.42917,22.6,0.4792,0.28091,0,0.022,0.13402,1
28,0.91255,0.90584,-1,0.93097,1,3.922245,0.75996,26.5,0.90908,0.52489,1,2.019,0.4062,1
36,0.58626,0.49677,-1,0.5083,0,3.233432,0.57392,23.9,0.8761,0.47206,1,1.494,0.35225,0
11,0.23007,0.02946,-1,0.06253,0,2.279532,0.36414,21.4,0.67169,0.33335,1,3.516,0.53194,1
35,0.72154,0.90584,-1,0.69236,1,4.490159,0.91154,32.0,0.92905,0.56835,1,6.773,0.74802,0
8,0.59928,0.17573,-1,0.58407,1,2.761971,0.46929,22.9,0.75643,0.37047,1,2.866,0.48119,1
67,0.44029,0.02946,0,0.41046,0,2.538958,0.42093,22.5,0.93753,0.59093,1,4.162,0.57962,0
158,0.65419,-1.0,-1,0.09796,0,-0.413153,0.01866,0.18,0.00045,0.00362,0,-1.125,0.03368,0
251,0.35165,0.31634,0,0.35597,0,2.21734,0.35076,21.0,0.97512,0.75231,1,6.296,0.72731,1
28,0.37118,0.28858,-1,0.57275,1,3.084362,0.53916,23.6,0.9912,0.91519,1,9.883,0.98528,1
102,0.65419,0.62325,2,0.84811,1,5.178542,0.93693,33.0,0.98848,0.87654,1,8.885,0.92067,1
196,0.22486,0.23728,0,0.46337,0,0.36502,21.5,1.805429,0.99146,0.91905,1,7.686,0.83419,0
90,0.46129,0.34076,0,0.42001,0,1.919869,0.29039,18.64,0.65209,0.32661,1,0.044,0.13876,0
164,0.43393,0.07471,-1,0.39692,0,2.874333,0.49323,23.2,0.67651,0.3351,1,1.185,0.31675,0
37,0.63226,0.67487,-1,0.73151,1,4.074905,0.81214,27.5,0.88659,0.48691,1,6.773,0.74802,1
7,0.72154,0.67487,-1,0.68412,1,3.955867,0.77107,26.7,0.61916,0.31625,1,3.516,0.53194,0
285,0.5748,0.5169,1,0.86988,1,3.21231,0.56885,23.9,0.83133,0.42277,1,5.192,0.64953,0
46,0.7849,0.57185,-1,0.69593,1,3.88936,0.7494,26.3,0.9552,0.65048,1,5.683,0.67852,0
11,0.11586,0.17332,-1,0.39314,0,3.12135,0.54752,23.7,0.98812,0.87175,1,8.621,0.90724,0
86,0.72154,0.54824,-1,0.82511,1,3.997463,0.7852,27.0,0.99045,0.90421,1,8.284,0.89839,1
38,0.11227,0.22494,-1,0.13805,0,2.045081,0.315,19.6,0.98996,0.89714,1,9.214,0.94249,1
12,0.08865,0.07471,-1,0.17624,0,1.829787,0.27359,17.95,0.75938,0.37208,1,1.237,0.32298,1
54,0.36509,0.19712,-1,0.14782,0,2.73799,0.4641,22.9,0.96826,0.71148,1,5.547,0.66957,0
130,0.26409,0.02946,0,0.53096,0,3.406377,0.61699,24.4,0.68583,0.33857,1,1.614,0.36522,1
14,0.29288,0.09854,-1,0.34397,0,1.578746,0.23099,16.24,0.84492,0.43574,1,3.264,0.51256,0
38,0.91255,0.90584,-1,0.95897,1,4.523915,0.91439,32.0,0.75144,0.36779,1,1.932,0.39773,1
318,0.91255,0.33532,0,0.65858,1,2.488419,0.40989,22.4,0.93792,0.59204,1,1.738,0.37831,0
258,0.18823,0.23051,-1,0.1721,0,0.28937,18.6,1.430349,0.91892,0.54489,1,0.797,0.2666,0
114,0.00964,0.09854,0,0.01024,0,2.343298,0.37799,21.8,0.86391,0.45662,1,0.571,0.23372,0
240,0.63226,0.11197,-1,0.38151,0,0.12365,9.206,1.164385,0.27205,0.23212,0,1.548,0.35808,0
167,0.91255,0.90584,-1,0.89534,1,4.205795,0.85639,28.7,0.93257,0.57736,1,6.835,0.75136,1
224,0.15354,0.07471,0,0.14588,0,0.28428,18.39,1.575037,0.79005,0.3907,1,2.497,0.45014,0
188,0.41915,0.23521,-1,0.65056,1,3.050225,0.53151,23.5,0.93125,0.57392,1,3.154,0.50391,1
217,0.16793,0.34801,0,0.39314,0,0.40851,22.4,1.665163,0.97895,0.77939,1,7.247,0.77695,0
119,0.72154,0.77913,-1,0.53096,0,3.477491,0.63521,24.6,0.8394,0.43029,1,0.718,0.25537,1
160,0.19293,0.02946,0,0.42384,0,2.397781,0.38997,22.1,0.87638,0.47243,1,3.668,0.5429,1
1,0.31088,0.53885,-1,0.6995,1,3.605162,0.6682,25.1,0.92427,0.55687,1,9.934,0.98843,1
17,0.68238,0.28604,-1,0.52776,0,3.235742,0.57446,24.0,0.97814,0.77329,1,6.814,0.75026,1
71,0.09746,0.15535,-1,0.02764,0,2.957648,0.51115,23.3,0.96989,0.72051,1,7.101,0.76647,1
175,0.35918,0.31074,0,0.51478,0,3.04938,0.53131,23.5,0.98472,0.83137,1,8.621,0.90724,0
242,0.59928,0.02946,0,0.68056,1,2.611153,0.43669,22.7,0.87818,0.47489,1,2.084,0.41249,0
129,-1.0,-1.0,-1,-1.0,-1,0.139593,0.05368,2.469,0.03888,0.0926,0,-0.099,0.10976,0
279,0.39097,0.90584,2,0.76174,1,3.92958,0.76244,26.5,0.91389,0.53435,1,9.262,0.94771,0
318,0.91255,0.35893,0,0.89947,1,3.544388,0.65242,24.9,0.98996,0.89714,1,9.214,0.94249,0
74,0.30097,0.20732,-1,0.75537,1,3.417556,0.61985,24.5,0.98845,0.87614,1,8.284,0.89839,0
36,0.1943,0.42736,1,0.75935,1,2.985272,0.51718,23.4,0.87259,0.46744,1,5.012,0.63775,1
22,0.7849,0.90584,2,0.69236,1,4.038467,0.79945,27.3,0.67908,0.33604,1,3.595,0.53763,1
289,0.59928,0.17573,0,0.58407,1,2.761971,0.46929,22.9,0.75643,0.37047,1,2.866,0.48119,1
172,0.68238,0.47975,-1,0.65742,1,3.802906,0.72279,25.8,0.87044,0.46468,1,4.172,0.58036,0
180,0.91255,0.90584,2,0.82341,1,3.675728,0.687,25.3,0.92534,0.55937,1,2.433,0.44451,0
152,0.91255,0.90584,2,0.81269,1,4.431678,0.90524,31.0,0.9718,0.73161,1,8.998,0.93098,1
326,-1.0,-1.0,-1,-1.0,-1,7.713869,0.98247,39.0,0.89531,0.50055,1,4.206,0.58271,0
225,0.91255,0.90584,-1,0.95732,1,4.361938,0.89489,31.0,0.99333,0.94632,1,9.061,0.93344,1
185,0.42783,0.38213,1,0.45769,0,0.56799,23.9,2.64572,0.99319,0.94436,1,9.716,0.97988,0
216,0.27194,0.14184,0,0.33598,0,0.46226,22.9,2.176017,0.98232,0.80766,1,7.667,0.82852,0
16,0.7849,0.7322,-1,0.94594,1,4.257815,0.87162,29.2,0.97038,0.72331,1,5.039,0.6398,0
19,0.91255,0.90584,2,0.90688,1,4.426048,0.90456,31.0,0.80861,0.40393,1,3.566,0.5355,0
9,0.31834,0.02946,-1,0.14588,0,2.912444,0.50139,23.2,0.67168,0.33335,1,4.421,0.59598,0
34,0.13789,0.29589,0,0.52938,0,2.628887,0.44059,22.7,0.90404,0.51553,1,5.774,0.68561,0
147,-1.0,-1.0,-1,-1.0,-1,0.024592,0.0437,1.497,0.00029,0.00276,0,-0.08,0.11303,0
186,0.72154,0.49324,-1,0.94988,1,3.154262,0.55519,23.8,0.98664,0.85307,1,7.13,0.76842,0
254,0.7849,0.90584,2,0.93833,1,4.714663,0.92446,32.0,0.98294,0.81347,1,7.958,0.87417,0
23,0.68238,0.38894,-1,0.73684,1,3.014872,0.52365,23.4,0.86655,0.45982,1,2.214,0.42493,0
35,0.91255,0.90584,-1,0.72471,1,4.262024,0.87271,29.2,0.9912,0.91519,1,9.883,0.98528,0
8,0.14111,0.02946,-1,0.12099,0,2.275042,0.36317,21.4,0.81958,0.41262,1,5.44,0.66312,0
174,0.16848,0.12183,0,0.06868,0,2.190971,0.34515,20.8,0.98505,0.83492,1,8.04,0.89195,0
37,0.12632,0.11197,-1,0.01297,0,0.29608,18.87,1.244148,0.9929,0.94024,1,9.061,0.93344,0
21,0.39334,0.90584,-1,0.66896,1,5.565128,0.94745,34.0,0.8507,0.44173,1,4.434,0.59679,1
161,0.13349,0.02946,-1,0.17417,0,2.448,0.40102,22.3,0.72753,0.356,1,3.998,0.56736,0
135,0.91255,-1.0,-1,0.0834,0,0.171639,0.05673,2.807,0.07417,0.13436,0,-0.105,0.10876,1
1,0.91255,0.62325,-1,0.49684,0,3.244616,0.57663,24.0,0.74487,0.3644,1,4.217,0.58344,0
260,0.20306,0.12183,0,0.19085,0,2.551548,0.42378,22.5,0.91188,0.53033,1,6.318,0.72829,0
137,0.68238,0.38894,1,0.73684,1,3.014872,0.52365,23.4,0.86655,0.45982,1,2.214,0.42493,0
197,0.41364,0.21998,-1,0.56466,0,2.675911,0.45079,22.8,0.84439,0.43521,1,5.189,0.64939,1
11,0.19569,0.33512,0,0.37178,0,2.353111,0.38015,21.9,0.59727,0.30995,1,3.516,0.53194,1
172,0.68238,0.38894,-1,0.73684,1,3.014872,0.52365,23.4,0.86655,0.45982,1,2.214,0.42493,0
250,0.05404,0.19075,0,0.21644,0,1.258732,0.18422,14.08,0.93373,0.58043,1,3.755,0.5491,0
242,0.91255,0.02946,0,0.7674,1,2.959004,0.51144,23.3,0.94596,0.61682,1,4.478,0.59963,0
33,0.61437,0.77913,-1,0.7271,1,0.8007,27.3,2.95046,0.98884,0.88144,1,7.686,0.83419,0
128,0.29288,0.09854,0,0.34397,0,1.578746,0.23099,16.24,0.84492,0.43574,1,3.264,0.51256,0
28,0.25768,0.07471,-1,0.39314,0,0.866225,0.1339,10.08,0.82773,0.41956,1,0.087,0.14801,0
44,0.61437,0.7322,2,0.64478,1,3.836332,0.73289,26.0,0.96794,0.70974,1,5.605,0.67317,1
42,0.91255,0.90584,-1,0.70793,1,4.008438,0.78906,27.0,0.97225,0.7343,1,7.027,0.76198,0
38,0.91255,0.90584,-1,0.92782,1,4.683681,0.92327,32.0,0.99454,0.96231,1,9.716,0.97988,1
20,0.16848,0.12183,-1,0.06868,0,2.190971,0.34515,20.8,0.98505,0.83492,1,8.04,0.89195,0
317,0.58626,0.49677,1,0.5083,0,3.233432,0.57392,23.9,0.8761,0.47206,1,1.494,0.35225,0
103,0.15665,0.29968,0,0.20358,0,2.461272,0.40387,22.3,0.96315,0.68539,1,7.108,0.76696,1
231,0.22486,0.23728,-1,0.46337,0,0.36502,21.5,1.805429,0.99146,0.91905,1,7.686,0.83419,0
210,0.35918,0.31074,-1,0.51478,0,3.04938,0.53131,23.5,0.98472,0.83137,1,8.621,0.90724,0
85,0.52492,0.57829,2,0.56466,0,3.303786,0.59118,24.1,0.94815,0.62425,1,0.95,0.2872,1
1,0.68238,0.63424,-1,0.70553,1,3.748785,0.7072,25.6,0.91543,0.5375,1,9.262,0.94771,0
3,0.91255,-1.0,-1,0.21429,0,-0.203258,0.02836,0.503,0.01135,0.04122,0,-0.811,0.04607,0
36,0.68238,0.33688,-1,0.83557,1,2.388701,0.38791,22.0,0.88491,0.48443,1,1.592,0.36286,1
87,-1.0,-1.0,-1,-1.0,-1,8.964056,0.99679,46.0,0.99016,0.90001,1,8.284,0.89839,1
44,0.58626,0.46778,1,0.63901,1,3.180831,0.5614,23.8,0.96613,0.70021,1,5.605,0.67317,0
30,0.10909,0.02946,0,0.05917,0,1.49984,0.21881,15.74,0.22135,0.21643,0,2.331,0.43552,0
147,0.91255,-1.0,-1,0.09297,0,-0.100259,0.0346,0.828,0.02111,0.06248,0,-0.775,0.04785,0
44,0.41364,0.40782,1,0.6678,1,2.900844,0.49889,23.2,0.95871,0.66512,1,5.605,0.67317,1
49,0.91255,0.90584,-1,0.98231,1,3.992068,0.78337,26.9,0.98448,0.82882,1,7.813,0.84661,0
88,0.30943,0.07471,0,0.16598,0,2.634587,0.44185,22.7,0.98667,0.85343,1,8.29,0.89852,0
70,0.72154,0.60381,-1,0.5792,1,3.984168,0.78061,26.9,0.97768,0.76993,1,7.028,0.76204,0
5,0.00964,0.07471,-1,0.04233,0,1.84207,0.2758,18.04,0.92435,0.55705,1,5.444,0.66335,0
37,0.91255,0.35893,-1,0.89947,1,3.544388,0.65242,24.9,0.98996,0.89714,1,9.214,0.94249,0
319,0.11227,0.22494,0,0.13805,0,2.045081,0.315,19.6,0.98996,0.89714,1,9.214,0.94249,0
37,0.91255,0.67487,-1,0.97218,1,3.642522,0.67813,25.2,0.9892,0.88639,1,5.414,0.66145,0
152,0.91255,-1.0,-1,0.08033,0,-0.104733,0.0343,0.811,0.02324,0.06658,0,-0.811,0.04607,0
93,0.52492,0.6407,-1,0.56787,0,3.41074,0.61813,24.4,0.96097,0.67519,1,4.265,0.58663,0
286,0.91255,0.90584,2,0.72932,1,3.97311,0.77696,26.8,0.89202,0.49526,1,7.853,0.85257,1
188,0.23721,0.02946,-1,0.25118,0,2.075162,0.32109,19.83,0.80152,0.39866,1,0.647,0.245,0
3,0.1943,0.09854,-1,0.25332,0,1.855657,0.27835,18.15,0.882,0.48022,1,1.781,0.38274,0
122,0.91255,0.90584,2,0.84674,1,4.174467,0.84633,28.4,0.98746,0.86321,1,7.1,0.76641,0
18,0.91255,0.26429,-1,0.93544,1,3.529449,0.64848,24.8,0.88204,0.48028,1,4.82,0.62361,0
102,0.35349,0.5024,-1,0.52128,0,3.349357,0.6026,24.3,0.98641,0.85033,1,8.885,0.92067,0
289,0.42487,0.07471,0,0.36189,0,2.716478,0.45947,22.9,0.72613,0.35536,1,3.238,0.51051,0
88,0.32769,0.02946,-1,0.35597,0,2.999438,0.52022,23.4,0.9875,0.86373,1,8.29,0.89852,1
30,0.10909,0.02946,-1,0.05917,0,1.49984,0.21881,15.74,0.22135,0.21643,0,2.331,0.43552,0
11,0.91255,0.90584,-1,0.71639,1,4.055785,0.8054,27.4,0.75174,0.36795,1,2.971,0.4894,1
99,0.00964,0.07471,0,0.03824,0,1.275468,0.18656,14.21,0.87873,0.47565,1,1.248,0.32429,0
9,0.31834,0.02946,-1,0.14588,0,2.912444,0.50139,23.2,0.67168,0.33335,1,4.421,0.59598,1
235,0.59928,0.37661,-1,0.75139,1,0.48039,23.0,2.181551,0.98972,0.89372,1,7.795,0.84442,0
151,0.7849,0.6407,2,0.98373,1,3.702874,0.69433,25.4,0.98658,0.85234,1,5.414,0.66145,0
299,0.91255,0.26429,0,0.93544,1,3.529449,0.64848,24.8,0.88204,0.48028,1,4.82,0.62361,0
71,0.65419,0.45251,1,0.68764,1,3.459454,0.63049,24.6,0.98845,0.87614,1,8.284,0.89839,0
46,0.59928,0.37661,-1,0.75139,1,0.48039,23.0,2.181551,0.98972,0.89372,1,7.795,0.84442,0
9,0.5553,0.49598,-1,0.8738,1,3.426855,0.62225,24.5,0.92767,0.56496,1,9.934,0.98843,0
75,-1.0,-1.0,-1,-1.0,-1,8.358158,0.99195,42.0,0.99034,0.9026,1,8.878,0.92023,0
28,0.32296,0.43231,-1,0.58407,1,3.399693,0.61528,24.4,0.98561,0.8411,1,7.23,0.77568,0
35,0.91255,0.68779,-1,0.94048,1,5.070351,0.93421,33.0,0.98303,0.81433,1,7.16,0.77072,0
205,0.289,0.38961,-1,0.70432,1,3.017972,0.52434,23.4,0.98491,0.8334,1,8.621,0.90724,0
265,0.09543,0.2048,-1,0.11547,0,0.38653,22.0,2.231578,0.97065,0.72486,1,6.978,0.75927,0
9,0.59928,-1.0,-1,0.09796,0,0.155119,0.05514,2.629,0.03029,0.07912,0,-0.016,0.1255,0
91,0.34444,0.36563,-1,0.86686,1,4.353166,0.89327,30.0,0.98667,0.85343,1,8.29,0.89852,0
165,0.59928,0.32886,-1,0.87911,1,4.263378,0.87307,29.3,0.73104,0.35764,1,1.614,0.36522,0
197,0.14111,0.02946,-1,0.12099,0,2.275042,0.36317,21.4,0.81958,0.41262,1,5.44,0.66312,0
268,0.35918,0.6407,-1,0.73579,1,0.60779,24.3,3.610786,0.99103,0.9127,1,7.633,0.82427,0
85,0.52492,0.57829,-1,0.56466,1,3.303786,0.59118,24.1,0.94815,0.62425,1,0.95,0.2872,1
18,0.48642,0.48103,1,0.66436,1,3.628366,0.67434,25.1,0.81888,0.41204,1,3.566,0.5355,0
4,0.91255,0.90584,2,0.769,1,4.420825,0.90386,31.0,0.76645,0.37607,1,4.421,0.59598,1
74,0.30097,0.20732,0,0.75537,1,3.417556,0.61985,24.5,0.98845,0.87614,1,8.284,0.89839,0
137,-1.0,-1.0,-1,-1.0,-1,7.714158,0.98248,39.0,0.84511,0.43593,1,2.214,0.42493,0
190,0.91255,0.90584,2,0.72594,1,0.64119,24.7,2.910308,0.91646,0.53964,1,1.318,0.33249,0
18,0.91255,0.26429,-1,0.93544,1,3.529449,0.64848,24.8,0.88204,0.48028,1,4.82,0.62361,1
161,0.37536,0.09854,0,0.20145,0,2.077816,0.32164,19.85,0.93098,0.57322,1,4.559,0.60505,0
71,0.09746,0.15535,0,0.02764,0,2.957648,0.51115,23.3,0.96989,0.72051,1,7.101,0.76647,1
130,0.26409,0.02946,0,0.50337,0,1.069274,0.15923,12.45,0.64178,0.32323,1,0.327,0.19408,0
38,0.91255,0.90584,-1,0.81269,1,4.431678,0.90524,31.0,0.9718,0.73161,1,8.998,0.93098,1
7,0.72154,0.67487,2,0.68412,1,3.955867,0.77107,26.7,0.61916,0.31625,1,3.516,0.53194,0
40,0.59928,0.28678,-1,0.68532,1,3.149136,0.55394,23.7,0.97781,0.77086,1,7.872,0.85555,1
184,0.91255,0.68779,-1,0.94048,1,5.070351,0.93421,33.0,0.98303,0.81433,1,7.16,0.77072,0
8,0.41364,0.21998,-1,0.56466,1,2.675911,0.45079,22.8,0.84439,0.43521,1,5.189,0.64939,1
335,0.36509,0.19712,0,0.14782,0,2.73799,0.4641,22.9,0.96826,0.71148,1,5.547,0.66957,0
51,0.31532,0.02946,-1,0.36385,0,1.592316,0.23312,16.32,0.62771,0.31883,1,1.13,0.31007,0
321,0.59928,0.28678,0,0.68532,1,3.149136,0.55394,23.7,0.97781,0.77086,1,7.872,0.85555,1
98,0.24857,0.22658,0,0.52612,0,2.298256,0.36822,21.6,0.9811,0.79682,1,5.334,0.65697,0
96,0.72154,0.68779,-1,0.64132,1,4.151201,0.83854,28.2,0.97943,0.78311,1,7.043,0.76293,0
23,-1.0,-1.0,-1,-1.0,-1,7.714158,0.98248,39.0,0.84511,0.43593,1,2.214,0.42493,1
23,0.72154,0.90584,2,0.63782,1,4.524626,0.91446,32.0,0.90915,0.52503,1,7.234,0.77597,0
152,0.91255,0.90584,2,0.92942,1,4.333707,0.88957,29.9,0.95126,0.63533,1,8.998,0.93098,1
15,0.21634,0.02946,0,0.15578,0,2.916654,0.50235,23.2,0.72637,0.35547,1,4.134,0.57751,0
11,0.23007,0.02946,0,0.06253,0,2.279532,0.36414,21.4,0.67169,0.33335,1,3.516,0.53194,1
154,-1.0,-1.0,-1,-1.0,-1,-0.023647,0.03995,1.194,0.00249,0.01374,0,-0.329,0.07978,0
6,0.19293,0.02946,-1,0.42384,0,2.397781,0.38997,22.1,0.87638,0.47243,1,3.668,0.5429,0
66,0.91255,0.90584,2,0.94899,1,4.275228,0.87624,29.4,0.98851,0.87694,1,8.878,0.92023,0
277,0.09687,0.09854,0,0.09627,0,2.304639,0.36959,21.6,0.9087,0.52417,1,7.407,0.79254,1
2,0.72154,0.7322,2,0.59226,1,2.576644,0.42917,22.6,0.4792,0.28091,0,0.022,0.13402,1
193,0.10623,0.02946,0,0.07299,0,2.228316,0.35315,21.1,0.87175,0.46636,1,4.643,0.61085,1
48,0.23905,0.07471,-1,0.33401,0,2.427383,0.39649,22.2,0.94426,0.61127,1,4.907,0.62996,0
172,0.15876,0.02946,0,0.56945,0,2.190548,0.34505,20.8,0.97583,0.75704,1,3.481,0.52943,0
13,0.02171,0.07471,-1,0.04861,0,1.910538,0.2886,18.57,0.3289,0.24695,0,1.373,0.33877,0
62,0.68238,0.90584,-1,0.6995,1,5.723164,0.95152,34.0,0.97365,0.74289,1,5.14,0.64648,1
73,0.34269,0.58535,2,0.22078,0,2.698746,0.45571,22.8,0.98415,0.82541,1,8.284,0.89839,0
102,0.35349,0.5024,1,0.52128,0,3.349357,0.6026,24.3,0.98641,0.85033,1,8.885,0.92067,0
95,-1.0,-1.0,-1,-1.0,-1,6.885095,0.96901,36.0,0.98399,0.82379,1,7.043,0.76293,0
45,-1.0,-1.0,-1,-1.0,-1,7.713869,0.98247,39.0,0.89531,0.50055,1,4.206,0.58271,0
34,0.72154,0.02946,-1,0.35991,0,2.321543,0.3733,21.7,0.98643,0.85056,1,6.629,0.74129,0
28,0.91255,0.90584,-1,0.93097,1,3.922245,0.75996,26.5,0.90908,0.52489,1,2.019,0.4062,0
18,0.7849,0.39119,-1,0.80085,1,2.630196,0.44088,22.7,0.89543,0.50074,1,4.82,0.62361,1
7,0.37536,0.09854,-1,0.20145,0,2.077816,0.32164,19.85,0.93098,0.57322,1,4.559,0.60505,0
133,0.91255,-1.0,-1,0.07882,0,0.537007,0.09541,6.886,0.03801,0.09131,0,0.365,0.20076,0
23,-1.0,-1.0,-1,-1.0,-1,7.714158,0.98248,39.0,0.84511,0.43593,1,2.214,0.42493,0
38,0.91255,0.90584,-1,0.92782,1,0.92877,33.0,4.116064,0.9929,0.94024,1,9.061,0.93344,0
183,0.72154,0.02946,-1,0.35991,0,2.321543,0.3733,21.7,0.98643,0.85056,1,6.629,0.74129,0
267,0.23813,0.36363,1,0.87988,1,2.982903,0.51669,23.4,0.9461,0.61729,1,9.934,0.98843,1
174,0.91255,0.77913,-1,0.87911,1,3.930963,0.76289,26.5,0.95789,0.6616,1,8.485,0.9029,1
251,0.17239,0.09854,-1,0.31576,0,0.47523,23.0,2.287194,0.98169,0.80199,1,7.667,0.82852,0
189,0.7849,0.77913,-1,0.85027,1,4.554221,0.9166,32.0,0.99183,0.92454,1,8.396,0.90074,0
22,0.7849,0.90584,-1,0.69236,1,4.038467,0.79945,27.3,0.67908,0.33604,1,3.595,0.53763,1
43,0.4691,0.77913,2,0.62151,1,4.025481,0.79493,27.2,0.96089,0.67482,1,7.027,0.76198,0
4,0.91255,-1.0,-1,0.19297,0,0.200268,0.05952,3.127,0.0001,0.00151,0,0.122,0.15515,0
32,0.03869,0.22878,-1,0.02598,0,2.728776,0.46217,22.9,0.92763,0.56486,1,7.249,0.77709,0
182,0.91255,0.90584,2,0.62343,1,4.430509,0.90513,31.0,0.99054,0.90552,1,8.621,0.90724,1
40,0.42487,0.09854,0,0.54217,0,5.928372,0.95583,35.0,0.91601,0.5387,1,7.249,0.77709,0
63,0.65419,0.21875,0,0.61722,1,3.391141,0.61311,24.4,0.96135,0.67693,1,6.285,0.72682,0
167,-1.0,-1.0,-1,-1.0,-1,5.605619,0.94855,34.0,0.79214,0.3921,1,0.689,0.25118,0
190,0.28646,0.15535,-1,0.15379,0,2.575975,0.42907,22.6,0.96178,0.67892,1,7.16,0.77072,0
99,0.00964,0.07471,-1,0.03824,0,1.275468,0.18656,14.21,0.87873,0.47565,1,1.248,0.32429,0
191,0.02645,0.02946,0,0.00794,0,0.38761,22.0,1.762746,0.95646,0.65559,1,5.642,0.67561,0
165,0.26409,0.02946,-1,0.50337,0,1.069274,0.15923,12.45,0.64178,0.32323,1,0.327,0.19408,0
143,0.91255,0.41422,1,0.83967,1,3.360924,0.60553,24.3,0.98777,0.86718,1,7.23,0.77568,0
261,0.48186,0.77913,2,0.95542,1,3.978657,0.77878,26.8,0.93186,0.5755,1,7.853,0.85257,0
101,0.41915,0.63424,2,0.70314,1,3.640734,0.67766,25.2,0.98291,0.81318,1,7.043,0.76293,0
164,0.63226,0.51194,-1,0.72594,1,3.873958,0.74456,26.2,0.90291,0.51351,1,5.964,0.70093,0
28,-1.0,-1.0,-1,-1.0,-1,8.51629,0.9936,43.0,0.99241,0.93311,1,9.883,0.98528,1
21,0.35918,0.31074,-1,0.51478,0,3.04938,0.53131,23.5,0.98472,0.83137,1,8.621,0.90724,0
90,0.46129,0.34076,-1,0.42001,0,1.919869,0.29039,18.64,0.65209,0.32661,1,0.044,0.13876,0
39,0.10623,0.02946,-1,0.07299,0,2.228316,0.35315,21.1,0.87175,0.46636,1,4.643,0.61085,1
135,0.91255,0.70673,2,0.87911,1,4.385724,0.89884,31.0,0.94325,0.60806,1,6.74,0.74635,0
210,0.5748,0.90584,2,0.5971,1,0.74968,26.3,3.572226,0.98919,0.88625,1,7.741,0.8392,0
98,0.65419,0.77913,2,0.80595,1,4.211882,0.85819,28.8,0.98675,0.8544,1,8.29,0.89852,0
163,0.50676,0.07471,-1,0.59226,0,1.913132,0.28911,18.59,0.87312,0.46813,1,3.264,0.51256,0
132,0.30656,-1.0,-1,0.06868,0,0.090426,0.04926,2.007,0.01691,0.05388,0,-0.006,0.12769,0
318,0.91255,0.67487,2,0.77554,1,4.280115,0.87738,29.4,0.9912,0.91519,1,9.883,0.98528,0
88,0.30943,0.07471,-1,0.16598,0,2.634587,0.44185,22.7,0.98667,0.85343,1,8.29,0.89852,0
246,0.35537,0.02946,0,0.33598,0,2.4876,0.4097,22.4,0.96245,0.68204,1,5.8,0.68767,0
149,0.91255,0.68779,2,0.94048,1,5.070351,0.93421,33.0,0.98303,0.81433,1,7.16,0.77072,0
162,0.58626,0.17989,-1,0.52776,0,3.277592,0.58475,24.1,0.95307,0.64213,1,6.181,0.71922,0
48,0.68238,0.30183,-1,0.47344,0,0.53805,23.6,2.565292,0.98331,0.81705,1,5.99,0.70269,0
236,0.7849,0.77913,2,0.827,1,0.9155,32.0,4.484754,0.98695,0.85684,1,7.741,0.8392,0
14,0.50676,0.07471,-1,0.59226,1,1.913132,0.28911,18.59,0.87312,0.46813,1,3.264,0.51256,0
19,0.65419,0.60381,-1,0.84525,1,3.591828,0.66467,25.0,0.99054,0.90552,1,8.04,0.89195,0
212,0.41364,0.28196,-1,0.45769,0,2.61831,0.43825,22.7,0.97398,0.74496,1,6.4,0.73175,0
196,0.72154,0.60381,2,0.67477,1,0.65242,24.9,3.033593,0.99097,0.91181,1,7.686,0.83419,0
169,0.91255,0.33274,-1,0.93544,1,2.589056,0.4319,22.6,0.95307,0.64213,1,7.922,0.86947,0
13,0.91255,0.90584,-1,0.95336,1,4.064401,0.80838,27.5,0.89875,0.50629,1,9.262,0.94771,0
251,0.35165,0.31634,0,0.35597,0,2.21734,0.35076,21.0,0.97512,0.75231,1,6.296,0.72731,0
21,0.39334,0.90584,2,0.66896,1,5.565128,0.94745,34.0,0.8507,0.44173,1,4.434,0.59679,1
284,0.5748,0.28995,0,0.5711,1,3.247725,0.57739,24.0,0.88673,0.48712,1,7.853,0.85257,1
89,0.7849,0.90584,-1,0.83357,1,4.474489,0.91004,32.0,0.92943,0.5693,1,3.368,0.52084,1
16,0.59928,0.32886,-1,0.87911,1,4.263378,0.87307,29.3,0.73104,0.35764,1,1.614,0.36522,0
15,-1.0,-1.0,-1,-1.0,-1,10.012748,0.99931,53.0,0.9564,0.65534,1,8.485,0.9029,1
23,0.65419,0.42342,-1,0.76174,1,3.651512,0.68052,25.2,0.97483,0.7504,1,7.853,0.85257,1
16,0.289,0.38961,-1,0.70432,1,3.017972,0.52434,23.4,0.98491,0.8334,1,8.621,0.90724,0
33,0.13971,0.14655,0,0.13418,0,2.107772,0.32781,20.2,0.86651,0.45977,1,5.051,0.64074,0
44,0.03451,0.02946,-1,0.03407,0,2.515308,0.4158,22.5,0.96668,0.70305,1,6.214,0.72143,1
19,0.91255,0.90584,-1,0.90688,1,4.426048,0.90456,31.0,0.80861,0.40393,1,3.566,0.5355,0
304,0.65419,0.42342,1,0.76174,1,3.651512,0.68052,25.2,0.97483,0.7504,1,7.853,0.85257,1
108,0.7849,0.90584,2,0.94404,1,3.797909,0.72133,25.8,0.98803,0.87055,1,7.001,0.76051,0
266,0.38185,0.90584,2,0.87611,1,4.082879,0.81496,27.6,0.89329,0.49728,1,6.017,0.70457,0
294,0.91255,0.90584,2,0.95336,1,4.064401,0.80838,27.5,0.89875,0.50629,1,9.262,0.94771,0
13,0.18757,0.24468,-1,0.37375,0,2.355647,0.38073,21.9,0.4276,0.26949,0,1.373,0.33877,1
62,0.68238,0.90584,2,0.6995,1,5.723164,0.95152,34.0,0.97365,0.74289,1,5.14,0.64648,1
64,0.91255,0.90584,2,0.96736,1,4.577725,0.91808,32.0,0.99018,0.9003,1,8.878,0.92023,0
130,0.26409,0.02946,0,0.53096,0,3.406377,0.61699,24.4,0.68583,0.33857,1,1.614,0.36522,0
225,0.91255,0.90584,-1,0.72594,1,0.64119,24.7,2.910308,0.91646,0.53964,1,1.318,0.33249,0
333,0.91255,0.90584,2,0.95015,1,3.484337,0.63694,24.7,0.81951,0.41257,1,1.549,0.35819,1
189,0.65419,0.90584,2,0.90648,1,0.86915,29.1,3.502896,0.99319,0.94436,1,9.716,0.97988,0
236,0.63226,0.7322,2,0.65972,1,4.271342,0.8752,29.3,0.99243,0.9334,1,8.995,0.93089,1
332,0.63226,0.28703,0,0.42384,0,3.513587,0.64443,24.8,0.9912,0.91519,1,9.883,0.98528,1
172,-1.0,-1.0,-1,-1.0,-1,7.714158,0.98248,39.0,0.84511,0.43593,1,2.214,0.42493,1
65,0.02309,0.23455,-1,0.06488,0,2.022925,0.31059,19.43,0.98851,0.87694,1,8.878,0.92023,0
73,0.91255,0.90584,2,0.70793,1,4.18057,0.84824,28.5,0.98151,0.80039,1,8.284,0.89839,0
40,0.65419,0.54824,-1,0.90411,1,5.689469,0.9507,34.0,0.91761,0.54207,1,6.773,0.74802,0
206,0.68238,0.28604,-1,0.52776,0,3.235742,0.57446,24.0,0.97814,0.77329,1,6.814,0.75026,1
98,0.24857,0.22658,-1,0.52612,0,2.298256,0.36822,21.6,0.9811,0.79682,1,5.334,0.65697,0
316,0.91255,0.90584,2,0.92736,1,4.131894,0.83197,28.0,0.98996,0.89714,1,9.214,0.94249,0
271,0.63226,0.7322,-1,0.65972,1,0.8752,29.3,4.192585,0.99243,0.9334,1,8.995,0.93089,0
61,0.68238,0.47048,1,0.79998,1,3.934034,0.76392,26.5,0.97436,0.74738,1,6.568,0.73878,0
205,0.63226,0.11197,0,0.38151,0,0.12365,9.206,1.164385,0.27205,0.23212,0,1.548,0.35808,0
211,0.3775,0.33082,-1,0.57599,0,2.562409,0.42613,22.6,0.98502,0.83459,1,6.271,0.72566,0
22,0.91255,0.90584,-1,0.9053,1,4.422676,0.9041,31.0,0.87447,0.4699,1,5.844,0.69149,0
202,-1.0,-1.0,-1,-1.0,-1,5.605619,0.94855,34.0,0.79214,0.3921,1,0.689,0.25118,0
35,0.65419,0.90584,-1,0.90648,1,0.86915,29.1,3.502896,0.99319,0.94436,1,9.716,0.97988,0
36,0.29288,0.3274,0,0.53898,0,2.990567,0.51836,23.4,0.85204,0.44316,1,4.214,0.58324,0
129,0.43393,0.07471,0,0.39692,0,3.065058,0.53482,23.6,0.68711,0.33906,1,1.185,0.31675,1
38,0.91255,0.90584,-1,0.92942,1,4.687964,0.92345,32.0,0.97276,0.73739,1,8.998,0.93098,0
6,0.42199,0.4719,-1,0.24244,0,3.459795,0.6306,24.6,0.7675,0.37667,1,4.421,0.59598,1
204,0.44694,0.4195,-1,0.21215,0,2.742943,0.46516,22.9,0.65859,0.32879,1,0.902,0.28088,0
3,0.5748,0.28995,-1,0.5711,1,3.247725,0.57739,24.0,0.88673,0.48712,1,7.853,0.85257,1
42,0.91255,0.90584,2,0.70793,1,4.008438,0.78906,27.0,0.97225,0.7343,1,7.027,0.76198,0
236,0.63226,0.7322,2,0.65972,1,0.8752,29.3,4.192585,0.99243,0.9334,1,8.995,0.93089,0
302,-1.0,-1.0,-1,-1.0,-1,8.145977,0.98927,41.0,0.98379,0.82178,1,9.934,0.98843,1
200,0.54683,0.34565,0,0.71762,1,0.47417,23.0,2.155851,0.98771,0.86641,1,7.795,0.84442,0
33,0.52492,0.22415,-1,0.45222,0,2.67063,0.44963,22.8,0.95503,0.6498,1,5.625,0.67446,1
96,0.72154,0.68779,2,0.64132,1,4.151201,0.83854,28.2,0.97943,0.78311,1,7.043,0.76293,0
231,0.38633,0.52977,-1,0.75058,1,0.55144,23.7,2.646791,0.98882,0.88116,1,7.686,0.83419,0
36,0.7849,0.90584,-1,0.79743,1,3.915733,0.75791,26.4,0.98561,0.8411,1,7.23,0.77568,0
23,0.72154,0.90584,-1,0.63782,1,4.524626,0.91446,32.0,0.90915,0.52503,1,7.234,0.77597,0
249,0.72154,0.47557,-1,0.66549,1,2.539352,0.42103,22.5,0.98964,0.89257,1,7.811,0.84631,1
182,0.91255,0.90584,2,0.93097,1,3.922245,0.75996,26.5,0.90908,0.52489,1,2.019,0.4062,1
38,0.11227,0.22494,-1,0.13805,0,2.045081,0.315,19.6,0.98996,0.89714,1,9.214,0.94249,0
13,0.10083,0.02946,-1,0.36385,0,1.383748,0.20169,14.97,0.71424,0.35007,1,0.689,0.25118,0
182,0.91255,0.90584,2,0.93097,1,3.922245,0.75996,26.5,0.90908,0.52489,1,2.019,0.4062,0
165,0.11586,0.17332,0,0.39314,0,3.12135,0.54752,23.7,0.98812,0.87175,1,8.621,0.90724,0
18,0.91255,0.90584,-1,0.89534,1,4.205795,0.85639,28.7,0.93257,0.57736,1,6.835,0.75136,1
130,0.53172,-1.0,-1,0.08809,0,-0.034896,0.03911,1.132,0.01136,0.04125,0,-0.263,0.08695,0
232,0.59928,0.90584,-1,0.93903,1,0.7216,25.8,2.99085,0.9929,0.94024,1,9.061,0.93344,0
325,0.03451,0.02946,0,0.03407,0,2.515308,0.4158,22.5,0.96668,0.70305,1,6.214,0.72143,1
67,0.44029,0.02946,-1,0.41046,0,2.538958,0.42093,22.5,0.93753,0.59093,1,4.162,0.57962,0
23,0.72154,0.90584,-1,0.68056,1,4.316485,0.88599,29.7,0.88077,0.4785,1,5.763,0.68467,1
160,0.19293,0.02946,0,0.42384,0,2.397781,0.38997,22.1,0.87638,0.47243,1,3.668,0.5429,0
160,0.91255,0.90584,-1,0.71639,1,4.055785,0.8054,27.4,0.75174,0.36795,1,2.971,0.4894,1
141,0.91255,-1.0,-1,0.07008,0,0.701763,0.11428,8.471,0.17508,0.19867,0,1.269,0.32677,1
49,0.63226,0.34981,0,0.77308,1,3.273796,0.58375,24.1,0.97436,0.74738,1,6.568,0.73878,1
26,0.91255,0.90584,-1,0.82341,1,3.675728,0.687,25.3,0.92534,0.55937,1,2.433,0.44451,0
37,0.7849,0.6407,-1,0.98373,1,3.702874,0.69433,25.4,0.98658,0.85234,1,5.414,0.66145,0
88,0.32769,0.02946,0,0.35597,0,2.999438,0.52022,23.4,0.9875,0.86373,1,8.29,0.89852,1
222,0.61437,0.48047,-1,0.74427,1,0.61619,24.4,2.417692,0.98723,0.86031,1,7.686,0.83419,0
162,0.41364,0.21998,0,0.56466,0,2.675911,0.45079,22.8,0.84439,0.43521,1,5.189,0.64939,1
20,0.91255,0.33274,-1,0.93544,1,2.589056,0.4319,22.6,0.95307,0.64213,1,7.922,0.86947,0
51,0.63226,0.28703,-1,0.42384,0,3.513587,0.64443,24.8,0.9912,0.91519,1,9.883,0.98528,1
252,0.16793,0.34801,-1,0.39314,0,0.40851,22.4,1.665163,0.97895,0.77939,1,7.247,0.77695,0
223,0.18823,0.23051,0,0.1721,0,0.28937,18.6,1.430349,0.91892,0.54489,1,0.797,0.2666,0
11,0.19569,0.33512,-1,0.37178,0,2.353111,0.38015,21.9,0.59727,0.30995,1,3.516,0.53194,1
319,0.11227,0.22494,0,0.13805,0,2.045081,0.315,19.6,0.98996,0.89714,1,9.214,0.94249,1
117,0.08188,0.28372,0,0.25986,0,2.475492,0.40703,22.4,0.99199,0.92693,1,8.829,0.91674,1
76,0.7849,0.90584,2,0.87457,1,3.794066,0.72027,25.8,0.95946,0.66841,1,4.315,0.58963,1
13,-1.0,-1.0,-1,-1.0,-1,5.605619,0.94855,34.0,0.79214,0.3921,1,0.689,0.25118,0
15,0.63226,0.51194,-1,0.72594,1,3.873958,0.74456,26.2,0.90291,0.51351,1,5.964,0.70093,0
50,0.26629,0.16867,-1,0.75695,1,2.257123,0.3593,21.3,0.95871,0.66512,1,5.605,0.67317,0
83,0.65419,0.41149,-1,0.54702,1,3.812962,0.72585,25.9,0.97408,0.74559,1,7.101,0.76647,1
41,0.35537,0.25085,-1,0.68412,1,3.109699,0.54486,23.6,0.98996,0.89714,1,9.214,0.94249,1
290,0.7849,0.90584,2,0.95897,1,4.389146,0.89939,31.0,0.93424,0.5818,1,9.934,0.98843,0
90,0.03158,0.02946,-1,0.05405,0,1.613756,0.23657,16.46,0.82672,0.41868,1,3.165,0.50477,0
19,0.63226,0.49385,-1,0.94249,1,3.06179,0.53402,23.5,0.88466,0.48407,1,6.139,0.71482,1
310,0.72154,0.45487,1,0.92086,1,3.179579,0.56107,23.8,0.98448,0.82882,1,7.813,0.84661,1
139,0.91255,0.77913,2,0.87911,1,3.930963,0.76289,26.5,0.95789,0.6616,1,8.485,0.9029,1
87,-1.0,-1.0,-1,-1.0,-1,8.964056,0.99679,46.0,0.99016,0.90001,1,8.284,0.89839,1
7,0.24758,0.30455,-1,0.5342,0,2.548157,0.42299,22.5,0.69014,0.34022,1,3.516,0.53194,0
35,0.72154,0.90584,2,0.69236,1,4.490159,0.91154,32.0,0.92905,0.56835,1,6.773,0.74802,0
119,0.17183,0.19075,-1,0.17624,0,2.281649,0.36463,21.5,0.93146,0.57445,1,6.255,0.72423,0
28,0.65419,0.90584,-1,0.84742,1,3.587772,0.66361,25.0,0.68716,0.33908,1,0.811,0.26855,0
63,0.65419,0.21875,-1,0.61722,1,3.391141,0.61311,24.4,0.96135,0.67693,1,6.285,0.72682,0
117,0.08188,0.28372,-1,0.25986,0,2.475492,0.40703,22.4,0.99199,0.92693,1,8.829,0.91674,1
90,0.03158,0.02946,0,0.05405,0,1.613756,0.23657,16.46,0.82672,0.41868,1,3.165,0.50477,0
23,0.35537,0.53183,1,0.45949,0,3.81343,0.72599,25.9,0.91887,0.54478,1,7.234,0.77597,0
33,0.13971,0.14655,-1,0.13418,0,2.107772,0.32781,20.2,0.86651,0.45977,1,5.051,0.64074,0
228,0.10623,0.02946,-1,0.07299,0,2.228316,0.35315,21.1,0.87175,0.46636,1,4.643,0.61085,1
228,0.68238,0.11197,-1,0.63669,1,2.91105,0.5011,23.2,0.98771,0.86641,1,7.795,0.84442,1
1,0.91255,0.62325,2,0.49684,0,3.244616,0.57663,24.0,0.74487,0.3644,1,4.217,0.58344,0
153,0.41915,0.23521,0,0.65056,1,3.050225,0.53151,23.5,0.93125,0.57392,1,3.154,0.50391,1
8,0.27194,0.14655,-1,0.28084,0,2.707286,0.45754,22.8,0.7286,0.3565,1,4.134,0.57751,1
37,0.91255,0.67487,-1,0.77554,1,4.280115,0.87738,29.4,0.9912,0.91519,1,9.883,0.98528,0
241,0.68238,0.54283,1,0.65627,1,3.318383,0.59486,24.2,0.93825,0.59299,1,4.779,0.62068,1
202,0.10083,0.02946,-1,0.36385,0,1.383748,0.20169,14.97,0.71424,0.35007,1,0.689,0.25118,0
89,0.7849,0.90584,2,0.83357,1,4.474489,0.91004,32.0,0.92943,0.5693,1,3.368,0.52084,1
257,0.38185,0.4741,1,0.42575,0,3.229547,0.57305,23.9,0.90686,0.5207,1,1.686,0.37287,0
199,0.09989,0.11197,-1,0.28497,0,0.990254,0.14922,11.5,0.05057,0.10847,0,0.353,0.19868,0
299,0.7849,0.39119,1,0.80085,1,2.630196,0.44088,22.7,0.89543,0.50074,1,4.82,0.62361,1
102,0.65419,0.62325,-1,0.84811,1,5.178542,0.93693,33.0,0.98848,0.87654,1,8.885,0.92067,1
164,0.09989,0.11197,0,0.28497,0,0.990254,0.14922,11.5,0.05057,0.10847,0,0.353,0.19868,0
155,0.28646,0.15535,0,0.15379,0,2.575975,0.42907,22.6,0.96178,0.67892,1,7.16,0.77072,0
58,-1.0,-1.0,-1,-1.0,-1,8.226586,0.99035,41.0,0.97644,0.76116,1,7.027,0.76198,1
132,0.91255,0.90584,2,0.89534,1,4.205795,0.85639,28.7,0.93257,0.57736,1,6.835,0.75136,1
271,0.7849,0.77913,-1,0.827,1,0.9155,32.0,4.484754,0.98695,0.85684,1,7.741,0.8392,0
153,0.91255,-1.0,-1,0.14588,0,0.134973,0.05326,2.422,0.02159,0.06342,0,0.122,0.15515,0
14,0.03653,0.07471,0,0.009,0,2.19611,0.34628,20.8,0.66241,0.3301,1,2.922,0.48557,0
235,0.61437,0.55692,-1,0.79829,1,0.60723,24.3,2.654656,0.94515,0.61415,1,3.859,0.55698,0
262,0.1652,0.16609,0,0.08971,0,2.900263,0.49879,23.2,0.93777,0.59161,1,9.262,0.94771,0
40,0.65419,0.54824,2,0.90411,1,5.689469,0.9507,34.0,0.91761,0.54207,1,6.773,0.74802,0
15,0.43393,0.07471,-1,0.39692,0,2.874333,0.49323,23.2,0.67651,0.3351,1,1.185,0.31675,0
261,0.7849,0.90584,-1,0.88839,1,0.91503,32.0,4.300612,0.99435,0.95993,1,9.645,0.97846,0
12,0.72154,0.35307,-1,0.67477,1,3.210651,0.56842,23.9,0.85717,0.4488,1,3.998,0.56736,0
54,0.07425,0.07471,0,0.4066,0,2.156591,0.33796,20.5,0.91119,0.52897,1,3.812,0.55333,0
215,0.91255,0.90584,-1,0.82341,1,3.675728,0.687,25.3,0.92534,0.55937,1,2.433,0.44451,0
328,0.42487,0.26641,0,0.55821,0,3.562933,0.6572,24.9,0.93324,0.57912,1,4.129,0.57713,0
80,0.91255,0.90584,-1,0.94899,1,4.81747,0.92772,33.0,0.99114,0.91431,1,8.878,0.92023,1
137,-1.0,-1.0,-1,-1.0,-1,7.714158,0.98248,39.0,0.84511,0.43593,1,2.214,0.42493,1
333,0.91255,0.90584,2,0.71639,1,4.263419,0.87307,29.3,0.99117,0.91475,1,9.883,0.98528,0
18,0.15876,0.02946,-1,0.56945,1,2.190548,0.34505,20.8,0.97583,0.75704,1,3.481,0.52943,0
52,0.23271,0.02946,-1,0.40082,0,2.365781,0.38289,21.9,0.91561,0.53787,1,3.792,0.55181,0
147,0.91255,-1.0,-1,0.09135,0,0.043708,0.04528,1.633,0.01965,0.05957,0,-0.775,0.04785,0
11,0.19569,0.33512,0,0.37178,0,2.353111,0.38015,21.9,0.59727,0.30995,1,3.516,0.53194,0
22,0.91255,0.90584,2,0.9053,1,4.422676,0.9041,31.0,0.87447,0.4699,1,5.844,0.69149,0
16,0.26409,0.02946,-1,0.50337,0,1.069274,0.15923,12.45,0.64178,0.32323,1,0.327,0.19408,0
83,0.91255,0.77913,2,0.79571,1,4.482683,0.91083,32.0,0.95533,0.651,1,4.074,0.57297,1
80,0.91255,0.90584,2,0.94899,1,4.81747,0.92772,33.0,0.99114,0.91431,1,8.878,0.92023,1
217,0.91255,0.90584,-1,0.93097,1,3.922245,0.75996,26.5,0.90908,0.52489,1,2.019,0.4062,0
87,0.14945,0.24971,-1,0.42191,0,6.293972,0.96154,35.0,0.99178,0.92379,1,8.878,0.92023,0
95,0.24183,0.30743,-1,0.43149,0,3.171406,0.55918,23.8,0.97943,0.78311,1,7.043,0.76293,1
52,0.91255,0.90584,-1,0.71639,1,4.263419,0.87307,29.3,0.99117,0.91475,1,9.883,0.98528,0
23,0.68238,0.47975,-1,0.65742,1,3.802906,0.72279,25.8,0.87044,0.46468,1,4.172,0.58036,0
293,0.7849,0.31168,0,0.67241,1,3.283262,0.58608,24.1,0.88802,0.48907,1,7.964,0.87485,0
123,0.7849,0.42962,-1,0.83967,1,4.075907,0.81246,27.6,0.99097,0.91181,1,8.239,0.89756,0
209,0.16848,0.12183,-1,0.06868,0,2.190971,0.34515,20.8,0.98505,0.83492,1,8.04,0.89195,0
10,0.0402,0.02946,-1,0.23808,0,1.948428,0.29582,18.86,0.64445,0.32409,1,1.752,0.37977,0
187,0.91255,0.90584,-1,0.81269,1,4.431678,0.90524,31.0,0.9718,0.73161,1,8.998,0.93098,1
101,0.41915,0.63424,-1,0.70314,1,3.640734,0.67766,25.2,0.98291,0.81318,1,7.043,0.76293,0
37,0.348,0.16609,0,0.6678,1,2.851432,0.48834,23.1,0.84738,0.43826,1,5.081,0.64274,0
246,0.42487,0.29891,0,0.49519,0,2.731022,0.46265,22.9,0.97372,0.74333,1,5.8,0.68767,0
233,0.35918,0.6407,2,0.73579,1,0.60779,24.3,3.610786,0.99103,0.9127,1,7.633,0.82427,0
125,0.91255,0.90584,2,0.71639,1,4.055785,0.8054,27.4,0.75174,0.36795,1,2.971,0.4894,1
187,0.61437,0.77913,2,0.7271,1,0.8007,27.3,2.95046,0.98884,0.88144,1,7.686,0.83419,0
70,0.72154,0.60381,2,0.5792,1,3.984168,0.78061,26.9,0.97768,0.76993,1,7.028,0.76204,0
328,0.35537,0.49745,1,0.24898,0,3.536925,0.65045,24.8,0.97089,0.72625,1,6.731,0.74591,1
319,0.91255,0.77913,2,0.85921,1,4.291772,0.88024,29.5,0.98593,0.84474,1,7.924,0.86974,0
93,0.52492,0.6407,2,0.56787,1,3.41074,0.61813,24.4,0.96097,0.67519,1,4.265,0.58663,1
154,0.7849,0.77913,2,0.85027,1,4.554221,0.9166,32.0,0.99183,0.92454,1,8.396,0.90074,0
15,0.43393,0.07471,-1,0.39692,0,3.065058,0.53482,23.6,0.68711,0.33906,1,1.185,0.31675,1
108,0.7849,0.90584,-1,0.94404,1,3.797909,0.72133,25.8,0.98803,0.87055,1,7.001,0.76051,0
28,0.68238,0.45342,-1,0.82221,1,3.555039,0.6551,24.9,0.98996,0.89714,1,9.214,0.94249,0
160,0.91255,0.90584,-1,0.42575,0,3.337181,0.59957,24.2,0.89486,0.49981,1,2.971,0.4894,1
152,0.91255,0.90584,2,0.95897,1,4.523915,0.91439,32.0,0.75144,0.36779,1,1.932,0.39773,1
31,0.42783,0.38213,-1,0.45769,0,0.56799,23.9,2.64572,0.99319,0.94436,1,9.716,0.97988,0
65,0.02309,0.23455,0,0.06488,0,2.022925,0.31059,19.43,0.98851,0.87694,1,8.878,0.92023,0
212,0.16793,0.02946,0,0.2359,0,0.30692,19.29,1.69184,0.96219,0.68083,1,5.123,0.64543,0
170,0.91255,0.70673,-1,0.87911,1,4.385724,0.89884,31.0,0.94325,0.60806,1,6.74,0.74635,0
251,0.21224,0.17989,0,0.1972,0,1.921308,0.29065,18.65,0.87077,0.4651,1,3.549,0.53431,0
199,0.0402,0.02946,-1,0.23808,0,1.948428,0.29582,18.86,0.64445,0.32409,1,1.752,0.37977,0
185,0.7849,0.90584,-1,0.79743,1,3.915733,0.75791,26.4,0.98561,0.8411,1,7.23,0.77568,0
220,0.2292,0.23866,0,0.42384,0,0.2405,16.62,1.196054,0.79697,0.39543,1,1.468,0.34941,0
14,0.91255,0.7322,-1,0.62343,1,1.704049,0.25145,17.05,0.56805,0.30212,1,0.104,0.15148,0
276,0.68238,0.54283,-1,0.65627,1,3.318383,0.59486,24.2,0.93825,0.59299,1,4.779,0.62068,1
191,0.12632,0.11197,0,0.01297,0,0.29608,18.87,1.244148,0.9929,0.94024,1,9.061,0.93344,0
110,0.12837,0.42206,1,0.47683,0,2.612302,0.43698,22.7,0.99012,0.89944,1,8.829,0.91674,0
11,0.1943,0.02946,0,0.00513,0,3.035314,0.52811,23.5,0.57133,0.30297,1,3.562,0.53522,0
4,0.48186,0.40197,-1,0.63669,1,1.556426,0.22748,16.1,0.82848,0.42021,1,6.117,0.71271,0
200,0.61437,0.55692,2,0.79829,1,0.60723,24.3,2.654656,0.94515,0.61415,1,3.859,0.55698,0
66,0.91255,0.90584,-1,0.94899,1,4.275228,0.87624,29.4,0.98851,0.87694,1,8.878,0.92023,0
130,0.32141,0.02946,0,0.72932,1,3.651401,0.6804,25.2,0.90068,0.5096,1,4.999,0.63678,0
201,0.08865,0.07471,-1,0.17624,0,1.829787,0.27359,17.95,0.75938,0.37208,1,1.237,0.32298,1
101,0.21304,0.3183,-1,0.51319,0,2.529552,0.41886,22.5,0.98675,0.8544,1,8.29,0.89852,0
196,0.37536,0.09854,-1,0.20145,0,2.077816,0.32164,19.85,0.93098,0.57322,1,4.559,0.60505,0
89,0.7849,0.90584,2,0.83357,1,4.474489,0.91004,32.0,0.92943,0.5693,1,3.368,0.52084,0
277,0.59928,0.02946,-1,0.68056,1,2.611153,0.43669,22.7,0.87818,0.47489,1,2.084,0.41249,0
224,0.65419,0.90584,-1,0.90648,1,0.86915,29.1,3.502896,0.99319,0.94436,1,9.716,0.97988,0
149,0.5748,0.28547,0,0.9006,1,3.352266,0.60327,24.3,0.97977,0.7858,1,6.422,0.73266,0
309,0.68238,0.45342,1,0.82221,1,3.555039,0.6551,24.9,0.98996,0.89714,1,9.214,0.94249,0
165,0.19023,0.28234,0,0.39314,0,2.438254,0.39885,22.2,0.93849,0.59369,1,3.715,0.54625,0
161,0.72154,0.35307,-1,0.67477,1,3.210651,0.56842,23.9,0.85717,0.4488,1,3.998,0.56736,0
252,0.44029,0.02946,0,0.58085,1,2.812257,0.48001,23.0,0.98044,0.79127,1,7.423,0.79424,0
19,0.68238,0.62824,-1,0.78388,1,2.662561,0.44788,22.8,0.69371,0.34162,1,0.125,0.15577,0
21,-1.0,-1.0,-1,-1.0,-1,9.541131,0.99868,50.0,0.86174,0.45405,1,4.434,0.59679,0
44,-1.0,-1.0,-1,-1.0,-1,8.575107,0.99414,44.0,0.96867,0.71371,1,7.527,0.80826,1
260,0.52492,0.59353,2,0.3117,0,2.932646,0.50572,23.3,0.63801,0.32203,1,0.285,0.18642,0
309,0.37118,0.28858,0,0.57275,0,3.084362,0.53916,23.6,0.9912,0.91519,1,9.883,0.98528,1
101,0.21304,0.3183,0,0.51319,0,2.529552,0.41886,22.5,0.98675,0.8544,1,8.29,0.89852,0
87,0.41637,0.37437,-1,0.47683,0,3.388711,0.61254,24.4,0.98986,0.89571,1,8.284,0.89839,0
255,0.54683,0.34063,0,0.24676,0,2.386685,0.38751,22.0,0.96169,0.6785,1,5.524,0.6682,0
51,0.31532,0.02946,0,0.36385,0,1.592316,0.23312,16.32,0.62771,0.31883,1,1.13,0.31007,0
167,0.10083,0.02946,0,0.36385,0,1.383748,0.20169,14.97,0.71424,0.35007,1,0.689,0.25118,0
268,0.68238,0.90584,2,0.76496,1,4.465094,0.90908,32.0,0.9461,0.61729,1,9.934,0.98843,1
9,0.7849,0.90584,-1,0.95897,1,4.389146,0.89939,31.0,0.93424,0.5818,1,9.934,0.98843,0
164,0.0402,0.02946,0,0.23808,0,1.948428,0.29582,18.86,0.64445,0.32409,1,1.752,0.37977,0
237,0.68238,0.30183,-1,0.47344,0,0.53805,23.6,2.565292,0.98331,0.81705,1,5.99,0.70269,0
15,0.44694,0.4195,-1,0.21215,0,2.742943,0.46516,22.9,0.65859,0.32879,1,0.902,0.28088,0
249,-1.0,-1.0,-1,-1.0,-1,8.145026,0.98926,41.0,0.90494,0.51717,1,3.018,0.4931,0
171,0.65419,0.32288,0,0.62976,1,3.507324,0.64281,24.7,0.97831,0.77455,1,6.814,0.75026,1
83,0.68238,0.45487,-1,0.70674,1,4.104445,0.82249,27.8,0.96405,0.68977,1,4.074,0.57297,0
134,0.58626,-1.0,-1,0.07882,0,0.207245,0.06018,3.207,0.00036,0.00313,0,0.067,0.14378,0
16,0.26409,0.02946,-1,0.53096,0,3.406377,0.61699,24.4,0.68583,0.33857,1,1.614,0.36522,0
93,0.52492,0.6407,-1,0.56787,0,3.41074,0.61813,24.4,0.96097,0.67519,1,4.265,0.58663,1
280,0.11844,0.02946,-1,0.11728,0,1.906435,0.28783,18.54,0.47991,0.28107,0,4.922,0.63103,0
73,0.91255,0.90584,-1,0.70793,1,4.18057,0.84824,28.5,0.98151,0.80039,1,8.284,0.89839,0
73,0.34269,0.58535,-1,0.22078,0,2.698746,0.45571,22.8,0.98415,0.82541,1,8.284,0.89839,0
47,0.35537,0.49745,-1,0.24898,0,3.536925,0.65045,24.8,0.97089,0.72625,1,6.731,0.74591,1
13,0.02171,0.07471,0,0.04861,0,1.910538,0.2886,18.57,0.3289,0.24695,0,1.373,0.33877,0
126,0.35918,-1.0,-1,0.0759,0,0.160645,0.05566,2.688,0.05572,0.11472,0,-0.07,0.11483,0
140,-1.0,-1.0,-1,-1.0,-1,-0.136313,0.03227,0.697,0.01478,0.04921,0,-0.44,0.06959,0
23,0.35537,0.53183,-1,0.45949,0,3.81343,0.72599,25.9,0.91887,0.54478,1,7.234,0.77597,0
15,0.21634,0.02946,-1,0.15578,0,2.916654,0.50235,23.2,0.72637,0.35547,1,4.134,0.57751,0
129,0.56456,0.20732,0,0.3014,0,3.766142,0.71205,25.7,0.951,0.63437,1,8.485,0.9029,1
158,0.59928,-1.0,-1,0.09796,0,0.155119,0.05514,2.629,0.03029,0.07912,0,-0.016,0.1255,0
216,0.17239,0.09854,0,0.31576,0,0.47523,23.0,2.287194,0.98169,0.80199,1,7.667,0.82852,0
17,0.7849,0.59353,-1,0.71882,1,3.903383,0.75385,26.4,0.70256,0.34516,1,4.421,0.59598,1
192,0.1943,0.09854,-1,0.25332,0,1.855657,0.27835,18.15,0.882,0.48022,1,1.781,0.38274,0
129,-1.0,-1.0,-1,-1.0,-1,10.012748,0.99931,53.0,0.9564,0.65534,1,8.485,0.9029,1
37,0.63226,0.67487,2,0.73151,1,4.074905,0.81214,27.5,0.88659,0.48691,1,6.773,0.74802,1
10,0.65419,0.45403,-1,0.82221,1,2.780786,0.47331,23.0,0.76389,0.3746,1,2.2,0.42358,1
172,0.20683,0.15535,-1,0.08971,0,2.81088,0.47972,23.0,0.76467,0.37505,1,4.172,0.58036,0
47,0.42487,0.26641,-1,0.55821,1,3.562933,0.6572,24.9,0.93324,0.57912,1,4.129,0.57713,0
171,0.37536,0.02946,0,0.27669,0,2.084185,0.32292,19.9,0.81254,0.40696,1,0.03,0.13576,0
256,0.91255,0.90584,2,0.96554,1,4.047067,0.80242,27.3,0.97566,0.7559,1,7.423,0.79424,0
208,0.43085,0.02946,0,0.41046,0,0.28919,18.59,1.882943,0.98241,0.80848,1,5.915,0.69704,0
162,0.14111,0.02946,0,0.12099,0,2.275042,0.36317,21.4,0.81958,0.41262,1,5.44,0.66312,0
29,0.91255,0.41422,-1,0.83967,1,3.360924,0.60553,24.3,0.98777,0.86718,1,7.23,0.77568,0
270,0.30375,0.90584,2,0.64132,1,3.713879,0.69742,25.5,0.78738,0.38893,1,4.09,0.57417,0
44,0.61437,0.7322,-1,0.64478,1,3.836332,0.73289,26.0,0.96794,0.70974,1,5.605,0.67317,1
271,0.72154,0.90584,2,0.94674,1,4.213942,0.85888,28.8,0.93801,0.5923,1,9.262,0.94771,0
7,0.50676,0.15914,-1,0.50666,0,3.138194,0.55144,23.7,0.92767,0.56496,1,9.934,0.98843,1
144,0.44358,0.07471,0,0.10833,0,1.988612,0.30372,19.17,0.8822,0.48051,1,5.326,0.65654,0
272,0.65419,0.90584,-1,0.96294,1,4.675799,0.92296,32.0,0.98386,0.82248,1,8.137,0.89516,0
299,0.91255,0.26429,0,0.93544,1,3.529449,0.64848,24.8,0.88204,0.48028,1,4.82,0.62361,1
125,0.91255,0.90584,2,0.42575,0,3.337181,0.59957,24.2,0.89486,0.49981,1,2.971,0.4894,1
177,0.41364,0.28196,0,0.45769,0,2.61831,0.43825,22.7,0.97398,0.74496,1,6.4,0.73175,0
6,0.42199,0.4719,1,0.24244,0,3.459795,0.6306,24.6,0.7675,0.37667,1,4.421,0.59598,1
35,0.5748,0.28547,-1,0.9006,1,3.352266,0.60327,24.3,0.97977,0.7858,1,6.422,0.73266,0
130,0.56456,-1.0,-1,0.08971,0,0.268034,0.06634,3.916,0.03797,0.09124,0,-0.057,0.11726,0
15,0.56456,0.20732,-1,0.3014,0,3.766142,0.71205,25.7,0.951,0.63437,1,8.485,0.9029,1
243,0.19927,0.02946,-1,0.33401,0,0.39787,22.2,2.477276,0.96703,0.70489,1,5.915,0.69704,0
230,0.09543,0.2048,0,0.11547,0,0.38653,22.0,2.231578,0.97065,0.72486,1,6.978,0.75927,0
165,0.26409,0.02946,-1,0.53096,0,3.406377,0.61699,24.4,0.68583,0.33857,1,1.614,0.36522,0
170,0.289,0.38961,1,0.70432,1,3.017972,0.52434,23.4,0.98491,0.8334,1,8.621,0.90724,0
216,0.51853,0.34063,0,0.69835,1,4.306387,0.8837,29.6,0.98728,0.86094,1,7.146,0.76959,1
35,0.91255,0.90584,-1,0.92736,1,4.131894,0.83197,28.0,0.98996,0.89714,1,9.214,0.94249,0
216,0.17239,0.09854,0,0.31576,0,2.789998,0.47523,23.0,0.98169,0.80199,1,7.667,0.82852,1
134,0.91255,0.33274,0,0.93544,1,2.589056,0.4319,22.6,0.95307,0.64213,1,7.922,0.86947,0
18,0.10659,0.02946,0,0.13035,0,2.504578,0.41343,22.4,0.59306,0.30879,1,1.932,0.39773,1
90,0.26852,0.15914,-1,0.19085,0,2.503628,0.41324,22.4,0.92167,0.55094,1,4.252,0.58574,0
1,0.28646,0.15535,-1,0.15379,0,2.575975,0.42907,22.6,0.96178,0.67892,1,7.16,0.77072,0
137,0.68238,0.47975,1,0.65742,1,3.802906,0.72279,25.8,0.87044,0.46468,1,4.172,0.58036,0
52,0.23271,0.02946,0,0.40082,0,2.365781,0.38289,21.9,0.91561,0.53787,1,3.792,0.55181,0
24,0.65419,0.58535,-1,0.88699,1,4.153926,0.83945,28.2,0.9912,0.91519,1,9.883,0.98528,1
76,0.7849,0.90584,-1,0.87457,1,3.794066,0.72027,25.8,0.95946,0.66841,1,4.315,0.58963,1
47,0.35537,0.49745,-1,0.24898,0,3.536925,0.65045,24.8,0.97089,0.72625,1,6.731,0.74591,0
269,0.7849,0.7322,2,0.83422,1,4.131986,0.83197,28.0,0.91804,0.54298,1,7.964,0.87485,0
164,-1.0,-1.0,-1,-1.0,-1,10.012748,0.99931,53.0,0.9564,0.65534,1,8.485,0.9029,1
274,0.91255,0.90584,2,0.94537,1,5.186091,0.93713,33.0,0.94069,0.60019,1,9.934,0.98843,0
259,0.72154,0.50672,-1,0.5342,0,2.936262,0.50649,23.3,0.81817,0.41146,1,0.64,0.24394,1
16,0.32141,0.02946,-1,0.72932,1,3.651401,0.6804,25.2,0.90068,0.5096,1,4.999,0.63678,0
316,0.91255,0.90584,2,0.72471,1,4.262024,0.87271,29.2,0.9912,0.91519,1,9.883,0.98528,0
118,0.91255,0.90584,-1,0.96961,1,4.831293,0.92811,33.0,0.99165,0.92187,1,8.829,0.91674,0
24,0.06691,0.07471,0,0.04306,0,2.601112,0.43454,22.6,0.87984,0.47719,1,6.76,0.74735,0
38,0.91255,0.90584,-1,0.92942,1,4.333707,0.88957,29.9,0.95126,0.63533,1,8.998,0.93098,1
237,0.65419,0.90584,2,0.96294,1,4.675799,0.92296,32.0,0.98386,0.82248,1,8.137,0.89516,0
129,0.43393,0.07471,0,0.39692,0,2.874333,0.49323,23.2,0.67651,0.3351,1,1.185,0.31675,0
254,0.03984,0.11197,-1,0.18042,0,0.29582,18.86,1.613311,0.99243,0.9334,1,8.995,0.93089,0
333,0.91255,0.90584,2,0.71639,1,4.263419,0.87307,29.3,0.99117,0.91475,1,9.883,0.98528,1
229,0.45039,0.64738,2,0.76094,1,0.8007,27.3,3.718905,0.97222,0.73412,1,5.913,0.6969,0
29,0.72154,0.45487,-1,0.92086,1,3.179579,0.56107,23.8,0.98448,0.82882,1,7.813,0.84661,1
280,0.59928,0.13644,0,0.6888,1,2.888821,0.49639,23.2,0.78717,0.38879,1,2.964,0.48885,1
171,0.68238,0.28604,0,0.52776,0,3.235742,0.57446,24.0,0.97814,0.77329,1,6.814,0.75026,1
129,0.63226,0.51194,1,0.72594,1,3.873958,0.74456,26.2,0.90291,0.51351,1,5.964,0.70093,0
65,0.65419,0.48483,-1,0.42763,0,3.258866,0.58013,24.0,0.99018,0.9003,1,8.878,0.92023,0
8,0.27194,0.14655,0,0.28084,0,2.707286,0.45754,22.8,0.7286,0.3565,1,4.134,0.57751,0
235,0.54683,0.34565,-1,0.71762,1,0.47417,23.0,2.155851,0.98771,0.86641,1,7.795,0.84442,0
48,0.23905,0.07471,0,0.33401,0,2.427383,0.39649,22.2,0.94426,0.61127,1,4.907,0.62996,0
184,0.5748,0.28547,-1,0.9006,1,3.352266,0.60327,24.3,0.97977,0.7858,1,6.422,0.73266,0
17,0.7849,0.59353,2,0.71882,1,3.903383,0.75385,26.4,0.70256,0.34516,1,4.421,0.59598,1
330,0.91255,0.90584,2,0.98231,1,3.992068,0.78337,26.9,0.98448,0.82882,1,7.813,0.84661,0
4,0.91255,-1.0,-1,0.14588,0,0.134973,0.05326,2.422,0.02159,0.06342,0,0.122,0.15515,0
243,0.43085,0.02946,-1,0.41046,0,0.28919,18.59,1.882943,0.98241,0.80848,1,5.915,0.69704,0
11,0.1943,0.02946,-1,0.00513,0,3.035314,0.52811,23.5,0.57133,0.30297,1,3.562,0.53522,0
155,0.49117,0.28827,0,0.26843,0,3.079144,0.53795,23.6,0.97595,0.75784,1,6.396,0.73161,0
93,0.52492,0.6407,2,0.56787,1,3.41074,0.61813,24.4,0.96097,0.67519,1,4.265,0.58663,0
37,0.348,0.16609,-1,0.6678,1,2.851432,0.48834,23.1,0.84738,0.43826,1,5.081,0.64274,0
324,0.5748,0.29254,0,0.63669,1,3.411161,0.61825,24.4,0.97557,0.7553,1,7.462,0.7989,0
193,0.72154,0.61523,-1,0.68999,1,3.958418,0.77197,26.7,0.96727,0.70616,1,7.23,0.77568,0
53,0.63226,0.59044,-1,0.46337,0,0.469496,0.08788,6.183,0.77505,0.38115,1,-0.128,0.10508,0
38,0.91255,0.77913,-1,0.85921,1,4.291772,0.88024,29.5,0.98593,0.84474,1,7.924,0.86974,0
214,0.72154,0.47557,1,0.66549,1,2.539352,0.42103,22.5,0.98964,0.89257,1,7.811,0.84631,1
54,-1.0,-1.0,-1,-1.0,-1,8.038434,0.98772,40.0,0.97098,0.72678,1,5.547,0.66957,0
153,0.91255,-1.0,-1,0.19297,0,0.200268,0.05952,3.127,0.0001,0.00151,0,0.122,0.15515,0
4,0.91255,0.90584,-1,0.769,1,4.420825,0.90386,31.0,0.76645,0.37607,1,4.421,0.59598,1
195,0.19293,0.02946,-1,0.42384,0,2.397781,0.38997,22.1,0.87638,0.47243,1,3.668,0.5429,0
322,0.35537,0.25085,0,0.68412,1,3.109699,0.54486,23.6,0.98996,0.89714,1,9.214,0.94249,1
32,0.19639,0.56408,-1,0.40468,0,2.9865,0.51748,23.4,0.89038,0.49269,1,5.774,0.68561,0
206,0.65419,0.32288,-1,0.62976,1,3.507324,0.64281,24.7,0.97831,0.77455,1,6.814,0.75026,1
18,0.10659,0.02946,-1,0.13035,0,2.504578,0.41343,22.4,0.59306,0.30879,1,1.932,0.39773,1
49,0.63226,0.34981,-1,0.77308,1,3.273796,0.58375,24.1,0.97436,0.74738,1,6.568,0.73878,1
46,0.61437,0.55692,-1,0.79829,1,0.60723,24.3,2.654656,0.94515,0.61415,1,3.859,0.55698,0
169,0.44694,0.4195,1,0.21215,0,2.742943,0.46516,22.9,0.65859,0.32879,1,0.902,0.28088,0
276,0.54683,0.42056,1,0.74582,1,4.295602,0.88121,29.5,0.94069,0.60019,1,9.934,0.98843,0
251,0.51853,0.34063,-1,0.69835,1,4.306387,0.8837,29.6,0.98728,0.86094,1,7.146,0.76959,1
255,0.43708,0.59675,2,0.5663,1,3.804083,0.72319,25.9,0.93655,0.58815,1,5.524,0.6682,0
61,0.68238,0.47048,-1,0.79998,1,3.934034,0.76392,26.5,0.97436,0.74738,1,6.568,0.73878,0
91,0.42199,0.40924,1,0.66206,1,3.203822,0.56681,23.9,0.94241,0.60544,1,2.9,0.48386,1
208,0.19927,0.02946,0,0.33401,0,0.39787,22.2,2.477276,0.96703,0.70489,1,5.915,0.69704,0
32,0.06262,0.48047,1,0.07736,0,3.107576,0.54446,23.6,0.91884,0.54472,1,7.249,0.77709,0
11,0.19023,0.28234,-1,0.39314,0,2.438254,0.39885,22.2,0.93849,0.59369,1,3.715,0.54625,0
50,0.65419,0.37169,-1,0.92825,1,3.086388,0.53957,23.6,0.92508,0.55876,1,5.605,0.67317,1
152,0.91255,-1.0,-1,0.21429,0,-0.203258,0.02836,0.503,0.01135,0.04122,0,-0.811,0.04607,0
157,0.1943,0.09854,0,0.25332,0,1.855657,0.27835,18.15,0.882,0.48022,1,1.781,0.38274,0
226,0.12632,0.11197,-1,0.01297,0,0.29608,18.87,1.244148,0.9929,0.94024,1,9.061,0.93344,0
245,0.5748,0.90584,-1,0.5971,1,0.74968,26.3,3.572226,0.98919,0.88625,1,7.741,0.8392,0
251,0.27194,0.14184,-1,0.33598,0,0.46226,22.9,2.176017,0.98232,0.80766,1,7.667,0.82852,0
